
--------------------------------------------------------------

--=====
--TYPES
--=====
INSERT INTO Types (Type, Kind)
	VALUES
		('JTF_CIVILIZATION_OLOMOUC',							'KIND_CIVILIZATION'),
		('JTF_LEADER_MINOR_CIV_OLOMOUC',						'KIND_LEADER'),
		('JTFMODIFIER_PLAYER_CITIES_ADJUST_TRADE_ROUTE_YIELD',	'KIND_MODIFIER'),
		('JTF_MINOR_CIV_OLOMOUC_TRAIT',							'KIND_TRAIT');

--===============
--TYPE PROPERTIES
--===============
INSERT INTO TypeProperties (Type, Name, Value)
	VALUES
		('JTF_CIVILIZATION_OLOMOUC', 'CityStateCategory', 'MILITARISTIC');

--=============
--CIVILIZATIONS
--=============
INSERT INTO Civilizations (CivilizationType, Name, Description, Adjective, StartingCivilizationLevelType, RandomCityNameDepth, Ethnicity)
	VALUES
		('JTF_CIVILIZATION_OLOMOUC', 'LOC_JTF_CIVILIZATION_OLOMOUC_NAME', 'LOC_JTF_CIVILIZATION_OLOMOUC_DESCRIPTION', 'LOC_JTF_CIVILIZATION_OLOMOUC_ADJECTIVE', 'CIVILIZATION_LEVEL_CITY_STATE', 1, 'ETHNICITY_EURO'); 

--=======
--LEADERS
--=======
INSERT INTO CivilizationLeaders (CivilizationType, LeaderType, CapitalName)
	VALUES
		('JTF_CIVILIZATION_OLOMOUC', 'JTF_LEADER_MINOR_CIV_OLOMOUC', 'LOC_JTF_CITY_NAME_OLOMOUC');

INSERT INTO Leaders (LeaderType, Name, InheritFrom)
	VALUES
		('JTF_LEADER_MINOR_CIV_OLOMOUC', 'LOC_JTF_CIVILIZATION_OLOMOUC_NAME', 'LEADER_MINOR_CIV_MILITARISTIC');

--======
--TRAITS
--======
INSERT INTO LeaderTraits (LeaderType, TraitType)
	VALUES
		('JTF_LEADER_MINOR_CIV_OLOMOUC', 'JTF_MINOR_CIV_OLOMOUC_TRAIT');

INSERT INTO Traits (TraitType, Name, Description)
	VALUES
		('JTF_MINOR_CIV_OLOMOUC_TRAIT', 'LOC_JTF_LEADER_TRAIT_OLOMOUC_NAME', 'LOC_JTF_LEADER_TRAIT_OLOMOUC_DESCRIPTION');

--===============
--TRAIT MODIFIERS
--===============
INSERT INTO TraitModifiers (TraitType, ModifierId)
	VALUES
		('JTF_MINOR_CIV_OLOMOUC_TRAIT', 'MINOR_CIV_OLOMOUC_TRADE_BONUS_GOLD'),
		('JTF_MINOR_CIV_OLOMOUC_TRAIT', 'MINOR_CIV_OLOMOUC_TRADE_BONUS_CULTURE'),
		('JTF_MINOR_CIV_OLOMOUC_TRAIT', 'MINOR_CIV_OLOMOUC_TRADE_BONUS_SCIENCE'),
		('JTF_MINOR_CIV_OLOMOUC_TRAIT', 'MINOR_CIV_OLOMOUC_TRADE_BONUS_FAITH'),
		
		('JTF_MINOR_CIV_OLOMOUC_TRAIT', 'MINOR_CIV_OLOMOUC_CHEAPER_RENAISSANCE_WALLS');

--=========
--MODIFIERS
--=========
INSERT INTO Modifiers (ModifierId,						ModifierType,											SubjectRequirementSetId)	
	VALUES
		('MINOR_CIV_OLOMOUC_TRADE_BONUS_GOLD',					'MODIFIER_ALL_PLAYERS_ATTACH_MODIFIER',				'PLAYER_IS_SUZERAIN'),
		('MINOR_CIV_OLOMOUC_TRADE_BONUS_GOLD_MODIFIER',			'JTFMODIFIER_PLAYER_CITIES_ADJUST_TRADE_ROUTE_YIELD',			'OLOMOUC_PLAYER_HAS_CASTLES'),

		('MINOR_CIV_OLOMOUC_TRADE_BONUS_CULTURE',			'MODIFIER_ALL_PLAYERS_ATTACH_MODIFIER',				'PLAYER_IS_SUZERAIN'),
		('MINOR_CIV_OLOMOUC_TRADE_BONUS_CULTURE_MODIFIER',	'JTFMODIFIER_PLAYER_CITIES_ADJUST_TRADE_ROUTE_YIELD',			'OLOMOUC_PLAYER_HAS_CASTLES'),

		('MINOR_CIV_OLOMOUC_TRADE_BONUS_SCIENCE',			'MODIFIER_ALL_PLAYERS_ATTACH_MODIFIER',				'PLAYER_IS_SUZERAIN'),
		('MINOR_CIV_OLOMOUC_TRADE_BONUS_SCIENCE_MODIFIER',	'MODIFIER_PLAYER_ADJUST_TRADE_ROUTE_YIELD',			NULL),

		('MINOR_CIV_OLOMOUC_TRADE_BONUS_FAITH',			'MODIFIER_ALL_PLAYERS_ATTACH_MODIFIER',				'PLAYER_IS_SUZERAIN'),
		('MINOR_CIV_OLOMOUC_TRADE_BONUS_FAITH_MODIFIER',	'MODIFIER_PLAYER_ADJUST_TRADE_ROUTE_YIELD',			NULL),

		('MINOR_CIV_OLOMOUC_CHEAPER_RENAISSANCE_WALLS',				'MODIFIER_ALL_PLAYERS_ATTACH_MODIFIER',				'PLAYER_IS_SUZERAIN'),
		('MINOR_CIV_OLOMOUC_RENAISSANCE_WALLS_BONUS',				'MODIFIER_PLAYER_CITIES_ADJUST_BUILDING_CULTURE', NULL);

INSERT INTO DynamicModifiers (ModifierType, CollectionType, EffectType)
	VALUES
		('JTFMODIFIER_PLAYER_CITIES_ADJUST_TRADE_ROUTE_YIELD', 'COLLECTION_PLAYER_CITIES', 'EFFECT_ADJUST_TRADE_ROUTE_YIELD');


--==================
--MODIFIER ARGUMENTS
--==================
INSERT INTO ModifierArguments (ModifierId, Name, Value)
	VALUES
		('MINOR_CIV_OLOMOUC_TRADE_BONUS_GOLD',					'ModifierId',		'MINOR_CIV_OLOMOUC_TRADE_BONUS_GOLD_MODIFIER'),
		('MINOR_CIV_OLOMOUC_TRADE_BONUS_GOLD_MODIFIER',			'YieldType',		'YIELD_GOLD'),
		('MINOR_CIV_OLOMOUC_TRADE_BONUS_GOLD_MODIFIER',			'Amount',			2),
		
		('MINOR_CIV_OLOMOUC_TRADE_BONUS_CULTURE',			'ModifierId',		'MINOR_CIV_OLOMOUC_TRADE_BONUS_CULTURE_MODIFIER'),
		('MINOR_CIV_OLOMOUC_TRADE_BONUS_CULTURE_MODIFIER',	'YieldType',		'YIELD_CULTURE'),
		('MINOR_CIV_OLOMOUC_TRADE_BONUS_CULTURE_MODIFIER',	'Amount',			1),

		('MINOR_CIV_OLOMOUC_TRADE_BONUS_SCIENCE',			'ModifierId',		'MINOR_CIV_OLOMOUC_TRADE_BONUS_SCIENCE_MODIFIER'),
		('MINOR_CIV_OLOMOUC_TRADE_BONUS_SCIENCE_MODIFIER',	'YieldType',		'YIELD_SCIENCE'),
		('MINOR_CIV_OLOMOUC_TRADE_BONUS_SCIENCE_MODIFIER',	'Amount',			1),

		('MINOR_CIV_OLOMOUC_TRADE_BONUS_FAITH',			'ModifierId',		'MINOR_CIV_OLOMOUC_TRADE_BONUS_FAITH_MODIFIER'),
		('MINOR_CIV_OLOMOUC_TRADE_BONUS_FAITH_MODIFIER',	'YieldType',		'YIELD_FAITH'),
		('MINOR_CIV_OLOMOUC_TRADE_BONUS_FAITH_MODIFIER',	'Amount',			1),
		
		('MINOR_CIV_OLOMOUC_CHEAPER_RENAISSANCE_WALLS',				'ModifierId',			'MINOR_CIV_OLOMOUC_RENAISSANCE_WALLS_BONUS'),
		('MINOR_CIV_OLOMOUC_RENAISSANCE_WALLS_BONUS',				'BuildingType',			'BUILDING_STAR_FORT'),
		('MINOR_CIV_OLOMOUC_RENAISSANCE_WALLS_BONUS',				'Amount',			    '30');




--============
--REQUIREMENTS
--============
INSERT INTO Requirements 
			(RequirementId, RequirementType)
	VALUES
		('OLOMOUC_REQUIRES_TECH', 'REQUIREMENT_PLAYER_HAS_TECHNOLOGY');
		
--=====================
--REQUIREMENT ARGUMENTS
--=====================
INSERT INTO RequirementArguments (RequirementId, Name, Value)
	VALUES	
		('OLOMOUC_REQUIRES_TECH', 'TechnologyType', 'TECH_CASTLES');

--=====================
--REQUIREMENT SETS
--=====================	
INSERT INTO RequirementSets
		(RequirementSetId,						RequirementSetType)
VALUES
	('OLOMOUC_PLAYER_HAS_CASTLES',	'REQUIREMENTSET_TEST_ALL');
	
--============================
--REQUIREMENT SET REQUIREMENTS
--============================
INSERT INTO	RequirementSetRequirements 	(RequirementSetId, RequirementId)
	VALUES
		('OLOMOUC_PLAYER_HAS_CASTLES', 'OLOMOUC_REQUIRES_TECH');




--==========
--CITY NAMES
--==========		
INSERT INTO CityNames (CivilizationType, CityName)
	VALUES
		('JTF_CIVILIZATION_OLOMOUC', 'LOC_JTF_CITY_NAME_OLOMOUC');

--=============
--PLAYER COLORS
--=============
INSERT INTO PlayerColors (Type, Usage, PrimaryColor, SecondaryColor, TextColor)
	VALUES
		('JTF_CIVILIZATION_OLOMOUC', 'Minor', 'COLOR_PLAYER_CITY_STATE_PRIMARY', 'COLOR_PLAYER_CITY_STATE_MILITARISTIC_SECONDARY', 'COLOR_PLAYER_CITY_STATE_MILITARISTIC_SECONDARY');

--============
--START BIASES
--============

		
INSERT INTO StartBiasTerrains (CivilizationType, TerrainType, Tier)
	VALUES
		('JTF_CIVILIZATION_OLOMOUC', 'TERRAIN_PLAINS_HILLS', 2),
		('JTF_CIVILIZATION_OLOMOUC', 'TERRAIN_GRASS_HILLS', 1);
