
--------------------------------------------------------------

--=====
--TYPES
--=====
INSERT INTO Types (Type, Kind)
	VALUES
		('JTF_CIVILIZATION_PRESSBURG',				'KIND_CIVILIZATION'),
		('JTF_LEADER_MINOR_CIV_PRESSBURG',			'KIND_LEADER'),
		('JTF_MODIFIER_PRESSBURG_MUSICIAN_PTS',			'KIND_MODIFIER'),
		('JTF_MINOR_CIV_PRESSBURG_TRAIT',			'KIND_TRAIT');
		

--===============
--TYPE PROPERTIES
--===============
INSERT INTO TypeProperties (Type, Name, Value)
	VALUES
		('JTF_CIVILIZATION_PRESSBURG', 'CityStateCategory', 'CULTURAL');

--=============
--CIVILIZATIONS
--=============
INSERT INTO Civilizations (CivilizationType, Name, Description, Adjective, StartingCivilizationLevelType, RandomCityNameDepth, Ethnicity)
	VALUES
		('JTF_CIVILIZATION_PRESSBURG', 'LOC_JTF_CIVILIZATION_PRESSBURG_NAME', 'LOC_JTF_CIVILIZATION_PRESSBURG_DESCRIPTION', 'LOC_JTF_CIVILIZATION_PRESSBURG_ADJECTIVE', 'CIVILIZATION_LEVEL_CITY_STATE', 1, 'ETHNICITY_EURO'); 

--=======
--LEADERS
--=======
INSERT INTO CivilizationLeaders (CivilizationType, LeaderType, CapitalName)
	VALUES
		('JTF_CIVILIZATION_PRESSBURG', 'JTF_LEADER_MINOR_CIV_PRESSBURG', 'LOC_JTF_CITY_NAME_PRESSBURG');

INSERT INTO Leaders (LeaderType, Name, InheritFrom)
	VALUES
		('JTF_LEADER_MINOR_CIV_PRESSBURG', 'LOC_JTF_CIVILIZATION_PRESSBURG_NAME', 'LEADER_MINOR_CIV_CULTURAL');

--======
--TRAITS
--======
INSERT INTO LeaderTraits (LeaderType, TraitType)
	VALUES
		('JTF_LEADER_MINOR_CIV_PRESSBURG', 'JTF_MINOR_CIV_PRESSBURG_TRAIT');

INSERT INTO Traits (TraitType, Name, Description)
	VALUES
		('JTF_MINOR_CIV_PRESSBURG_TRAIT', 'LOC_JTF_LEADER_TRAIT_PRESSBURG_NAME', 'LOC_JTF_LEADER_TRAIT_PRESSBURG_DESCRIPTION');

--===============
--TRAIT MODIFIERS
--===============
INSERT INTO TraitModifiers (TraitType, ModifierId)
	VALUES
		('JTF_MINOR_CIV_PRESSBURG_TRAIT', 'MINOR_CIV_PRESSBURG_SUZERAIN_WORKSHOP_CULTURE'),
		('JTF_MINOR_CIV_PRESSBURG_TRAIT', 'MINOR_CIV_PRESSBURG_SUZERAIN_WORKSHOP_GOLD'),
		('JTF_MINOR_CIV_PRESSBURG_TRAIT', 'MINOR_CIV_PRESSBURG_SUZERAIN_EXTRA_MUSICIAN_POINTS');

--=========
--MODIFIERS
--=========
INSERT INTO Modifiers (ModifierId,						ModifierType,													SubjectRequirementSetId)	
	VALUES
		('MINOR_CIV_PRESSBURG_SUZERAIN_WORKSHOP_CULTURE',		'MODIFIER_ALL_PLAYERS_ATTACH_MODIFIER',						'PLAYER_IS_SUZERAIN'),
		('MINOR_CIV_PRESSBURG_WORKSHOP_CULTURE_MODIFIER',		'MODIFIER_PLAYER_CITIES_ADJUST_BUILDING_YIELD_CHANGE',		NULL),
		
		('MINOR_CIV_PRESSBURG_SUZERAIN_WORKSHOP_GOLD',			'MODIFIER_ALL_PLAYERS_ATTACH_MODIFIER',						'PLAYER_IS_SUZERAIN'),
		('MINOR_CIV_PRESSBURG_WORKSHOP_GOLD_MODIFIER',			'MODIFIER_PLAYER_CITIES_ADJUST_BUILDING_YIELD_CHANGE',		NULL),
		
		('MINOR_CIV_PRESSBURG_SUZERAIN_EXTRA_MUSICIAN_POINTS',				'MODIFIER_ALL_PLAYERS_ATTACH_MODIFIER',			'PLAYER_IS_SUZERAIN'),
		('MINOR_CIV_PRESSBURG_SUZERAIN_EXTRA_MUSICIAN_POINTS_MODIFIER',		'JTF_MODIFIER_PRESSBURG_MUSICIAN_PTS',			'DISTRICT_IS_THEATER');

INSERT INTO DynamicModifiers (ModifierType, CollectionType, EffectType)
	VALUES
		
		('JTF_MODIFIER_PRESSBURG_MUSICIAN_PTS', 'COLLECTION_PLAYER_DISTRICTS', 'EFFECT_ADJUST_DISTRICT_GREAT_PERSON_POINTS');


--==================
--MODIFIER ARGUMENTS
--==================
INSERT INTO ModifierArguments (ModifierId, Name, Value)
	VALUES
		('MINOR_CIV_PRESSBURG_SUZERAIN_WORKSHOP_CULTURE',			'ModifierId',		'MINOR_CIV_PRESSBURG_WORKSHOP_CULTURE_MODIFIER'),
		('MINOR_CIV_PRESSBURG_WORKSHOP_CULTURE_MODIFIER',           'BuildingType',		'BUILDING_WORKSHOP'),
		('MINOR_CIV_PRESSBURG_WORKSHOP_CULTURE_MODIFIER',           'YieldType',		'YIELD_CULTURE'),
		('MINOR_CIV_PRESSBURG_WORKSHOP_CULTURE_MODIFIER',           'Amount',			 2),

		('MINOR_CIV_PRESSBURG_SUZERAIN_WORKSHOP_GOLD',				'ModifierId',		'MINOR_CIV_PRESSBURG_WORKSHOP_GOLD_MODIFIER'),
		('MINOR_CIV_PRESSBURG_WORKSHOP_GOLD_MODIFIER',				'BuildingType',		'BUILDING_WORKSHOP'),
		('MINOR_CIV_PRESSBURG_WORKSHOP_GOLD_MODIFIER',			    'YieldType',		'YIELD_GOLD'),
		('MINOR_CIV_PRESSBURG_WORKSHOP_GOLD_MODIFIER',				'Amount',			1),
		
		('MINOR_CIV_PRESSBURG_SUZERAIN_EXTRA_MUSICIAN_POINTS',						'ModifierId',		'MINOR_CIV_PRESSBURG_SUZERAIN_EXTRA_MUSICIAN_POINTS_MODIFIER'),
		('MINOR_CIV_PRESSBURG_SUZERAIN_EXTRA_MUSICIAN_POINTS_MODIFIER',				'Amount',			'1'),
		('MINOR_CIV_PRESSBURG_SUZERAIN_EXTRA_MUSICIAN_POINTS_MODIFIER',				'GreatPrsonClassType',			'GREAT_PERSON_CLASS_MUSICIAN');


--==========
--CITY NAMES
--==========		
INSERT INTO CityNames (CivilizationType, CityName)
	VALUES
		('JTF_CIVILIZATION_PRESSBURG', 'LOC_JTF_CITY_NAME_PRESSBURG');

--=============
--PLAYER COLORS
--=============
INSERT INTO PlayerColors (Type, Usage, PrimaryColor, SecondaryColor, TextColor)
	VALUES
		('JTF_CIVILIZATION_PRESSBURG', 'Minor', 'COLOR_PLAYER_CITY_STATE_PRIMARY', 'COLOR_PLAYER_CITY_STATE_CULTURAL_SECONDARY', 'COLOR_PLAYER_CITY_STATE_CULTURAL_SECONDARY');

--============
--START BIASES
--============

		
INSERT INTO StartBiasTerrains (CivilizationType, TerrainType, Tier)
	VALUES
		('JTF_CIVILIZATION_PRESSBURG', 'TERRAIN_GRASS_HILLS', 1);