
--------------------------------------------------------------

--=====
--TYPES
--=====
INSERT INTO Types (Type, Kind)
	VALUES
		('JTF_CIVILIZATION_TRIESTE',					'KIND_CIVILIZATION'),
		('JTF_LEADER_MINOR_CIV_TRIESTE',				'KIND_LEADER'),
		('MODIFIER_TRIESTE_UNIT_TAG_ERA_PRODUCTION',	'KIND_MODIFIER'),
		('JTF_MINOR_CIV_TRIESTE_TRAIT',					'KIND_TRAIT');

		

--===============
--TYPE PROPERTIES
--===============
INSERT INTO TypeProperties (Type, Name, Value)
	VALUES
		('JTF_CIVILIZATION_TRIESTE', 'CityStateCategory', 'INDUSTRIAL');

--=============
--CIVILIZATIONS
--=============
INSERT INTO Civilizations (CivilizationType, Name, Description, Adjective, StartingCivilizationLevelType, RandomCityNameDepth, Ethnicity)
	VALUES
		('JTF_CIVILIZATION_TRIESTE', 'LOC_JTF_CIVILIZATION_TRIESTE_NAME', 'LOC_JTF_CIVILIZATION_TRIESTE_DESCRIPTION', 'LOC_JTF_CIVILIZATION_TRIESTE_ADJECTIVE', 'CIVILIZATION_LEVEL_CITY_STATE', 1, 'ETHNICITY_EURO'); 

--=======
--LEADERS
--=======
INSERT INTO CivilizationLeaders (CivilizationType, LeaderType, CapitalName)
	VALUES
		('JTF_CIVILIZATION_TRIESTE', 'JTF_LEADER_MINOR_CIV_TRIESTE', 'LOC_JTF_CITY_NAME_TRIESTE');

INSERT INTO Leaders (LeaderType, Name, InheritFrom)
	VALUES
		('JTF_LEADER_MINOR_CIV_TRIESTE', 'LOC_JTF_CIVILIZATION_TRIESTE_NAME', 'LEADER_MINOR_CIV_INDUSTRIAL');

--======
--TRAITS
--======
INSERT INTO LeaderTraits (LeaderType, TraitType)
	VALUES
		('JTF_LEADER_MINOR_CIV_TRIESTE', 'JTF_MINOR_CIV_TRIESTE_TRAIT');

INSERT INTO Traits (TraitType, Name, Description)
	VALUES
		('JTF_MINOR_CIV_TRIESTE_TRAIT', 'LOC_JTF_LEADER_TRAIT_TRIESTE_NAME', 'LOC_JTF_LEADER_TRAIT_TRIESTE_DESCRIPTION');

--===============
--TRAIT MODIFIERS
--===============
INSERT INTO TraitModifiers (TraitType, ModifierId)
	VALUES
		('JTF_MINOR_CIV_TRIESTE_TRAIT', 'MINOR_CIV_TRIESTE_SUZERAIN_ANCIENT_MELEE'),
		('JTF_MINOR_CIV_TRIESTE_TRAIT', 'MINOR_CIV_TRIESTE_SUZERAIN_RENAISSANCE_MELEE'),
		('JTF_MINOR_CIV_TRIESTE_TRAIT', 'MINOR_CIV_TRIESTE_SUZERAIN_INDUSTRIAL_MELEE'),
		('JTF_MINOR_CIV_TRIESTE_TRAIT', 'MINOR_CIV_TRIESTE_SUZERAIN_ATOMIC_MELEE'),
		
		('JTF_MINOR_CIV_TRIESTE_TRAIT', 'MINOR_CIV_TRIESTE_SUZERAIN_CLASSICAL_RANGED'),
		('JTF_MINOR_CIV_TRIESTE_TRAIT', 'MINOR_CIV_TRIESTE_SUZERAIN_RENAISSANCE_RANGED'),
		('JTF_MINOR_CIV_TRIESTE_TRAIT', 'MINOR_CIV_TRIESTE_SUZERAIN_MODERN_RANGED'),
		('JTF_MINOR_CIV_TRIESTE_TRAIT', 'MINOR_CIV_TRIESTE_SUZERAIN_INFORMATION_RANGED'),
		
		('JTF_MINOR_CIV_TRIESTE_TRAIT', 'MINOR_CIV_TRIESTE_SUZERAIN_RENAISSANCE_RAIDER'),
		('JTF_MINOR_CIV_TRIESTE_TRAIT', 'MINOR_CIV_TRIESTE_SUZERAIN_MODERN_RAIDER'),
		('JTF_MINOR_CIV_TRIESTE_TRAIT', 'MINOR_CIV_TRIESTE_SUZERAIN_INFORMATION_RAIDER'),

		('JTF_MINOR_CIV_TRIESTE_TRAIT', 'MINOR_CIV_TRIESTE_SUZERAIN_ATOMIC_CARRIER');

--=========
--MODIFIERS
--=========
INSERT INTO Modifiers (ModifierId,							ModifierType,													SubjectRequirementSetId)	
	VALUES
		('MINOR_CIV_TRIESTE_SUZERAIN_ANCIENT_MELEE',		'MODIFIER_ALL_PLAYERS_ATTACH_MODIFIER',						'PLAYER_IS_SUZERAIN'),
		('MINOR_CIV_TRIESTE_ANCIENT_MELEE_MODIFIER',		'MODIFIER_TRIESTE_UNIT_TAG_ERA_PRODUCTION',		NULL),
		
		('MINOR_CIV_TRIESTE_SUZERAIN_RENAISSANCE_MELEE',	'MODIFIER_ALL_PLAYERS_ATTACH_MODIFIER',						'PLAYER_IS_SUZERAIN'),
		('MINOR_CIV_TRIESTE_RENAISSANCE_MELEE_MODIFIER',	'MODIFIER_TRIESTE_UNIT_TAG_ERA_PRODUCTION',		NULL),
		
		('MINOR_CIV_TRIESTE_SUZERAIN_INDUSTRIAL_MELEE',		'MODIFIER_ALL_PLAYERS_ATTACH_MODIFIER',						'PLAYER_IS_SUZERAIN'),
		('MINOR_CIV_TRIESTE_INDUSTRIAL_MELEE_MODIFIER',		'MODIFIER_TRIESTE_UNIT_TAG_ERA_PRODUCTION',		NULL),
		
		('MINOR_CIV_TRIESTE_SUZERAIN_ATOMIC_MELEE',			'MODIFIER_ALL_PLAYERS_ATTACH_MODIFIER',						'PLAYER_IS_SUZERAIN'),
		('MINOR_CIV_TRIESTE_ATOMIC_MELEE_MODIFIER',			'MODIFIER_TRIESTE_UNIT_TAG_ERA_PRODUCTION',		NULL),
		

		('MINOR_CIV_TRIESTE_SUZERAIN_CLASSICAL_RANGED',		'MODIFIER_ALL_PLAYERS_ATTACH_MODIFIER',						'PLAYER_IS_SUZERAIN'),
		('MINOR_CIV_TRIESTE_CLASSICAL_RANGED_MODIFIER',		'MODIFIER_TRIESTE_UNIT_TAG_ERA_PRODUCTION',		NULL),
		
		('MINOR_CIV_TRIESTE_SUZERAIN_RENAISSANCE_RANGED',	'MODIFIER_ALL_PLAYERS_ATTACH_MODIFIER',						'PLAYER_IS_SUZERAIN'),
		('MINOR_CIV_TRIESTE_RENAISSANCE_RANGED_MODIFIER',	'MODIFIER_TRIESTE_UNIT_TAG_ERA_PRODUCTION',		NULL),
		
		('MINOR_CIV_TRIESTE_SUZERAIN_MODERN_RANGED',		'MODIFIER_ALL_PLAYERS_ATTACH_MODIFIER',						'PLAYER_IS_SUZERAIN'),
		('MINOR_CIV_TRIESTE_MODERN_RANGED_MODIFIER',		'MODIFIER_TRIESTE_UNIT_TAG_ERA_PRODUCTION',		NULL),
		
		('MINOR_CIV_TRIESTE_SUZERAIN_INFORMATION_RANGED',	'MODIFIER_ALL_PLAYERS_ATTACH_MODIFIER',						'PLAYER_IS_SUZERAIN'),
		('MINOR_CIV_TRIESTE_INFORMATION_RANGED_MODIFIER',	'MODIFIER_TRIESTE_UNIT_TAG_ERA_PRODUCTION',		NULL),
		
		
		('MINOR_CIV_TRIESTE_SUZERAIN_RENAISSANCE_RAIDER',	'MODIFIER_ALL_PLAYERS_ATTACH_MODIFIER',						'PLAYER_IS_SUZERAIN'),
		('MINOR_CIV_TRIESTE_RENAISSANCE_RAIDER_MODIFIER',	'MODIFIER_TRIESTE_UNIT_TAG_ERA_PRODUCTION',		NULL),
		
		('MINOR_CIV_TRIESTE_SUZERAIN_MODERN_RAIDER',		'MODIFIER_ALL_PLAYERS_ATTACH_MODIFIER',						'PLAYER_IS_SUZERAIN'),
		('MINOR_CIV_TRIESTE_MODERN_RAIDER_MODIFIER',		'MODIFIER_TRIESTE_UNIT_TAG_ERA_PRODUCTION',		NULL),
		
		('MINOR_CIV_TRIESTE_SUZERAIN_INFORMATION_RAIDER',	'MODIFIER_ALL_PLAYERS_ATTACH_MODIFIER',						'PLAYER_IS_SUZERAIN'),
		('MINOR_CIV_TRIESTE_INFORMATION_RAIDER_MODIFIER',	'MODIFIER_TRIESTE_UNIT_TAG_ERA_PRODUCTION',		NULL),
		
		
		('MINOR_CIV_TRIESTE_SUZERAIN_ATOMIC_CARRIER',		'MODIFIER_ALL_PLAYERS_ATTACH_MODIFIER',						'PLAYER_IS_SUZERAIN'),
		('MINOR_CIV_TRIESTE_ATOMIC_CARRIER_MODIFIER',		'MODIFIER_TRIESTE_UNIT_TAG_ERA_PRODUCTION',		NULL);

INSERT INTO	DynamicModifiers
		(ModifierType,											CollectionType,					EffectType									)
VALUES	('MODIFIER_TRIESTE_UNIT_TAG_ERA_PRODUCTION',			'COLLECTION_PLAYER_CITIES',		'EFFECT_ADJUST_UNIT_TAG_ERA_PRODUCTION'	);

--==================
--MODIFIER ARGUMENTS
--==================
INSERT INTO ModifierArguments (ModifierId, Name, Value, Extra)
	VALUES
		('MINOR_CIV_TRIESTE_SUZERAIN_ANCIENT_MELEE',			'ModifierId',				'MINOR_CIV_TRIESTE_ANCIENT_MELEE_MODIFIER', -1),
		('MINOR_CIV_TRIESTE_ANCIENT_MELEE_MODIFIER',			'UnitPromotionClass',		'PROMOTION_CLASS_NAVAL_MELEE',	-1),
		('MINOR_CIV_TRIESTE_ANCIENT_MELEE_MODIFIER',			'EraType',					'ERA_ANCIENT',					-1),
		('MINOR_CIV_TRIESTE_ANCIENT_MELEE_MODIFIER',			'Amount',					100,							-1),

		('MINOR_CIV_TRIESTE_SUZERAIN_RENAISSANCE_MELEE',		'ModifierId',				'MINOR_CIV_TRIESTE_RENAISSANCE_MELEE_MODIFIER', -1),
		('MINOR_CIV_TRIESTE_RENAISSANCE_MELEE_MODIFIER',		'UnitPromotionClass',		'PROMOTION_CLASS_NAVAL_MELEE',	-1),
		('MINOR_CIV_TRIESTE_RENAISSANCE_MELEE_MODIFIER',		'EraType',					'ERA_RENAISSANCE',					-1),
		('MINOR_CIV_TRIESTE_RENAISSANCE_MELEE_MODIFIER',		'Amount',					100,							-1),

		('MINOR_CIV_TRIESTE_SUZERAIN_INDUSTRIAL_MELEE',			'ModifierId',				'MINOR_CIV_TRIESTE_INDUSTRIAL_MELEE_MODIFIER', -1),
		('MINOR_CIV_TRIESTE_INDUSTRIAL_MELEE_MODIFIER',			'UnitPromotionClass',		'PROMOTION_CLASS_NAVAL_MELEE',	-1),
		('MINOR_CIV_TRIESTE_INDUSTRIAL_MELEE_MODIFIER',			'EraType',					'ERA_INDUSTRIAL',					-1),
		('MINOR_CIV_TRIESTE_INDUSTRIAL_MELEE_MODIFIER',			'Amount',					100,							-1),

		('MINOR_CIV_TRIESTE_SUZERAIN_ATOMIC_MELEE',				'ModifierId',				'MINOR_CIV_TRIESTE_ATOMIC_MELEE_MODIFIER', -1),
		('MINOR_CIV_TRIESTE_ATOMIC_MELEE_MODIFIER',				'UnitPromotionClass',		'PROMOTION_CLASS_NAVAL_MELEE',	-1),
		('MINOR_CIV_TRIESTE_ATOMIC_MELEE_MODIFIER',				'EraType',					'ERA_ATOMIC',					-1),
		('MINOR_CIV_TRIESTE_ATOMIC_MELEE_MODIFIER',				'Amount',					100,							-1),
		

		('MINOR_CIV_TRIESTE_SUZERAIN_CLASSICAL_RANGED',			'ModifierId',				'MINOR_CIV_TRIESTE_CLASSICAL_RANGED_MODIFIER', -1),
		('MINOR_CIV_TRIESTE_CLASSICAL_RANGED_MODIFIER',			'UnitPromotionClass',		'PROMOTION_CLASS_NAVAL_RANGED',	-1),
		('MINOR_CIV_TRIESTE_CLASSICAL_RANGED_MODIFIER',			'EraType',					'ERA_CLASSICAL',					-1),
		('MINOR_CIV_TRIESTE_CLASSICAL_RANGED_MODIFIER',			'Amount',					100,							-1),

		('MINOR_CIV_TRIESTE_SUZERAIN_RENAISSANCE_RANGED',		'ModifierId',				'MINOR_CIV_TRIESTE_RENAISSANCE_RANGED_MODIFIER', -1),
		('MINOR_CIV_TRIESTE_RENAISSANCE_RANGED_MODIFIER',		'UnitPromotionClass',		'PROMOTION_CLASS_NAVAL_RANGED',	-1),
		('MINOR_CIV_TRIESTE_RENAISSANCE_RANGED_MODIFIER',		'EraType',					'ERA_RENAISSANCE',					-1),
		('MINOR_CIV_TRIESTE_RENAISSANCE_RANGED_MODIFIER',		'Amount',					100,							-1),

		('MINOR_CIV_TRIESTE_SUZERAIN_MODERN_RANGED',			'ModifierId',				'MINOR_CIV_TRIESTE_MODERN_RANGED_MODIFIER', -1),
		('MINOR_CIV_TRIESTE_MODERN_RANGED_MODIFIER',			'UnitPromotionClass',		'PROMOTION_CLASS_NAVAL_RANGED',	-1),
		('MINOR_CIV_TRIESTE_MODERN_RANGED_MODIFIER',			'EraType',					'ERA_MODERN',					-1),
		('MINOR_CIV_TRIESTE_MODERN_RANGED_MODIFIER',			'Amount',					100,							-1),

		('MINOR_CIV_TRIESTE_SUZERAIN_INFORMATION_RANGED',		'ModifierId',				'MINOR_CIV_TRIESTE_INFORMATION_RANGED_MODIFIER', -1),
		('MINOR_CIV_TRIESTE_INFORMATION_RANGED_MODIFIER',		'UnitPromotionClass',		'PROMOTION_CLASS_NAVAL_RANGED',	-1),
		('MINOR_CIV_TRIESTE_INFORMATION_RANGED_MODIFIER',		'EraType',					'ERA_INFORMATION',				-1),
		('MINOR_CIV_TRIESTE_INFORMATION_RANGED_MODIFIER',		'Amount',					100,							-1),
		
		
		('MINOR_CIV_TRIESTE_SUZERAIN_RENAISSANCE_RAIDER',		'ModifierId',				'MINOR_CIV_TRIESTE_RENAISSANCE_RAIDER_MODIFIER', -1),
		('MINOR_CIV_TRIESTE_RENAISSANCE_RAIDER_MODIFIER',		'UnitPromotionClass',		'PROMOTION_CLASS_NAVAL_RAIDER',	-1),
		('MINOR_CIV_TRIESTE_RENAISSANCE_RAIDER_MODIFIER',		'EraType',					'ERA_RENAISSANCE',					-1),
		('MINOR_CIV_TRIESTE_RENAISSANCE_RAIDER_MODIFIER',		'Amount',					100,							-1),

		('MINOR_CIV_TRIESTE_SUZERAIN_MODERN_RAIDER',			'ModifierId',				'MINOR_CIV_TRIESTE_MODERN_RAIDER_MODIFIER', -1),
		('MINOR_CIV_TRIESTE_MODERN_RAIDER_MODIFIER',			'UnitPromotionClass',		'PROMOTION_CLASS_NAVAL_RAIDER',	-1),
		('MINOR_CIV_TRIESTE_MODERN_RAIDER_MODIFIER',			'EraType',					'ERA_MODERN',					-1),
		('MINOR_CIV_TRIESTE_MODERN_RAIDER_MODIFIER',			'Amount',					100,							-1),

		('MINOR_CIV_TRIESTE_SUZERAIN_INFORMATION_RAIDER',		'ModifierId',				'MINOR_CIV_TRIESTE_INFORMATION_RAIDER_MODIFIER', -1),
		('MINOR_CIV_TRIESTE_INFORMATION_RAIDER_MODIFIER',		'UnitPromotionClass',		'PROMOTION_CLASS_NAVAL_RAIDER',	-1),
		('MINOR_CIV_TRIESTE_INFORMATION_RAIDER_MODIFIER',		'EraType',					'ERA_INFORMATION',				-1),
		('MINOR_CIV_TRIESTE_INFORMATION_RAIDER_MODIFIER',		'Amount',					100,							-1),
		
		
		('MINOR_CIV_TRIESTE_SUZERAIN_ATOMIC_CARRIER',			'ModifierId',				'MINOR_CIV_TRIESTE_ATOMIC_CARRIER_MODIFIER', -1),
		('MINOR_CIV_TRIESTE_ATOMIC_CARRIER_MODIFIER',			'UnitPromotionClass',		'PROMOTION_CLASS_NAVAL_CARRIER',	-1),
		('MINOR_CIV_TRIESTE_ATOMIC_CARRIER_MODIFIER',			'EraType',					'ERA_ATOMIC',				-1),
		('MINOR_CIV_TRIESTE_ATOMIC_CARRIER_MODIFIER',			'Amount',					100,							-1);
--==========
--CITY NAMES
--==========		
INSERT INTO CityNames (CivilizationType, CityName)
	VALUES
		('JTF_CIVILIZATION_TRIESTE', 'LOC_JTF_CITY_NAME_TRIESTE');

--=============
--PLAYER COLORS
--=============
INSERT INTO PlayerColors (Type, Usage, PrimaryColor, SecondaryColor, TextColor)
	VALUES
		('JTF_CIVILIZATION_TRIESTE', 'Minor', 'COLOR_PLAYER_CITY_STATE_PRIMARY', 'COLOR_PLAYER_CITY_STATE_INDUSTRIAL_SECONDARY', 'COLOR_PLAYER_CITY_STATE_INDUSTRIAL_SECONDARY');

--============
--START BIASES
--============

		
INSERT INTO StartBiasTerrains (CivilizationType, TerrainType, Tier)
	VALUES
		('JTF_CIVILIZATION_TRIESTE', 'TERRAIN_COAST', 1);
