
--------------------------------------------------------------

--=====
--TYPES
--=====
INSERT INTO Types (Type, Kind)
	VALUES
		('JTF_CIVILIZATION_NUUK',							'KIND_CIVILIZATION'),
		('JTF_LEADER_MINOR_CIV_NUUK',						'KIND_LEADER'),
		('JTF_MINOR_CIV_NUUK_TRAIT',						'KIND_TRAIT');

--===============
--TYPE PROPERTIES
--===============
INSERT INTO TypeProperties (Type, Name, Value)
	VALUES
		('JTF_CIVILIZATION_NUUK', 'CityStateCategory', 'TRADE');

--=============
--CIVILIZATIONS
--=============
INSERT INTO Civilizations (CivilizationType, Name, Description, Adjective, StartingCivilizationLevelType, RandomCityNameDepth, Ethnicity)
	VALUES
		('JTF_CIVILIZATION_NUUK', 'LOC_JTF_CIVILIZATION_NUUK_NAME', 'LOC_JTF_CIVILIZATION_NUUK_DESCRIPTION', 'LOC_JTF_CIVILIZATION_NUUK_ADJECTIVE', 'CIVILIZATION_LEVEL_CITY_STATE', 1, 'ETHNICITY_EURO'); 

--=======
--LEADERS
--=======
INSERT INTO CivilizationLeaders (CivilizationType, LeaderType, CapitalName)
	VALUES
		('JTF_CIVILIZATION_NUUK', 'JTF_LEADER_MINOR_CIV_NUUK', 'LOC_JTF_CITY_NAME_NUUK');

INSERT INTO Leaders (LeaderType, Name, InheritFrom)
	VALUES
		('JTF_LEADER_MINOR_CIV_NUUK', 'LOC_JTF_CIVILIZATION_NUUK_NAME', 'LEADER_MINOR_CIV_TRADE');

--======
--TRAITS
--======
INSERT INTO LeaderTraits (LeaderType, TraitType)
	VALUES
		('JTF_LEADER_MINOR_CIV_NUUK', 'JTF_MINOR_CIV_NUUK_TRAIT');

INSERT INTO Traits (TraitType, Name, Description)
	VALUES
		('JTF_MINOR_CIV_NUUK_TRAIT', 'LOC_JTF_LEADER_TRAIT_NUUK_NAME', 'LOC_JTF_LEADER_TRAIT_NUUK_DESCRIPTION');

--===============
--TRAIT MODIFIERS
--===============
INSERT INTO TraitModifiers (TraitType, ModifierId)
	VALUES
		('JTF_MINOR_CIV_NUUK_TRAIT', 'MINOR_CIV_NUUK_SNOW_BONUS'),
		('JTF_MINOR_CIV_NUUK_TRAIT', 'MINOR_CIV_NUUK_SNOW_HILLS_GOLD_BONUS'),
		('JTF_MINOR_CIV_NUUK_TRAIT', 'MINOR_CIV_NUUK_SNOW_HILLS_PRODUCTION_BONUS'),
		('JTF_MINOR_CIV_NUUK_TRAIT', 'MINOR_CIV_NUUK_SNOW_HILLS_FOOD_BONUS');

--=========
--MODIFIERS
--=========
INSERT INTO Modifiers (ModifierId,						ModifierType,											SubjectRequirementSetId)	
	VALUES
		('MINOR_CIV_NUUK_SNOW_BONUS',							'MODIFIER_ALL_PLAYERS_ATTACH_MODIFIER',			'PLAYER_IS_SUZERAIN'),
		('MINOR_CIV_NUUK_SNOW_BONUS_MODIFIER',					'MODIFIER_PLAYER_ADJUST_PLOT_YIELD',			'TILE_IS_SNOW_REQUIREMENT'),

		('MINOR_CIV_NUUK_SNOW_HILLS_GOLD_BONUS',				'MODIFIER_ALL_PLAYERS_ATTACH_MODIFIER',			'PLAYER_IS_SUZERAIN'),
		('MINOR_CIV_NUUK_SNOW_HILLS_GOLD_BONUS_MODIFIER',		'MODIFIER_PLAYER_ADJUST_PLOT_YIELD',			'TILE_IS_SNOW_HILLS_REQUIREMENT'),

		('MINOR_CIV_NUUK_SNOW_HILLS_PRODUCTION_BONUS',			'MODIFIER_ALL_PLAYERS_ATTACH_MODIFIER',			'PLAYER_IS_SUZERAIN'),
		('MINOR_CIV_NUUK_SNOW_HILLS_PRODUCTION_BONUS_MODIFIER',	'MODIFIER_PLAYER_ADJUST_PLOT_YIELD',			'TILE_IS_SNOW_HILLS_REQUIREMENT'),
		
		('MINOR_CIV_NUUK_SNOW_HILLS_FOOD_BONUS',				'MODIFIER_ALL_PLAYERS_ATTACH_MODIFIER',			'PLAYER_IS_SUZERAIN'),
		('MINOR_CIV_NUUK_SNOW_HILLS_FOOD_BONUS_MODIFIER',		'MODIFIER_PLAYER_ADJUST_PLOT_YIELD',			'TILE_IS_SNOW_HILLS_REQUIREMENT');




--==================
--MODIFIER ARGUMENTS
--==================
INSERT INTO ModifierArguments (ModifierId, Name, Value)
	VALUES
		('MINOR_CIV_NUUK_SNOW_BONUS',					'ModifierId',		'MINOR_CIV_NUUK_SNOW_BONUS_MODIFIER'),
		('MINOR_CIV_NUUK_SNOW_BONUS_MODIFIER',			'YieldType',		'YIELD_FOOD'),
		('MINOR_CIV_NUUK_SNOW_BONUS_MODIFIER',			'Amount',			2),
		
		('MINOR_CIV_NUUK_SNOW_HILLS_GOLD_BONUS',				'ModifierId',		'MINOR_CIV_NUUK_SNOW_HILLS_GOLD_BONUS_MODIFIER'),
		('MINOR_CIV_NUUK_SNOW_HILLS_GOLD_BONUS_MODIFIER',	'YieldType',		'YIELD_GOLD'),
		('MINOR_CIV_NUUK_SNOW_HILLS_GOLD_BONUS_MODIFIER',	'Amount',			1),
		
		('MINOR_CIV_NUUK_SNOW_HILLS_PRODUCTION_BONUS',				'ModifierId',		'MINOR_CIV_NUUK_SNOW_HILLS_PRODUCTION_BONUS_MODIFIER'),
		('MINOR_CIV_NUUK_SNOW_HILLS_PRODUCTION_BONUS_MODIFIER',	'YieldType',		'YIELD_PRODUCTION'),
		('MINOR_CIV_NUUK_SNOW_HILLS_PRODUCTION_BONUS_MODIFIER',	'Amount',			1),
		
		('MINOR_CIV_NUUK_SNOW_HILLS_FOOD_BONUS',				'ModifierId',		'MINOR_CIV_NUUK_SNOW_HILLS_FOOD_BONUS_MODIFIER'),
		('MINOR_CIV_NUUK_SNOW_HILLS_FOOD_BONUS_MODIFIER',	'YieldType',		'YIELD_FOOD'),
		('MINOR_CIV_NUUK_SNOW_HILLS_FOOD_BONUS_MODIFIER',	'Amount',			2);

--=========
--REQUIREMENTS
--=========
INSERT INTO Requirements (RequirementId, RequirementType) 
				VALUES	('NUUK_REQUIRES_HAS_SNOW', 'REQUIREMENT_PLOT_TERRAIN_TYPE_MATCHES'),
						('NUUK_REQUIRES_HAS_SNOW_HILLS', 'REQUIREMENT_PLOT_TERRAIN_TYPE_MATCHES') ;

INSERT INTO RequirementArguments (RequirementId, Name, Value) 
				VALUES	 ('NUUK_REQUIRES_HAS_SNOW', 'TerrainType', 'TERRAIN_SNOW'),
						 ('NUUK_REQUIRES_HAS_SNOW_HILLS', 'TerrainType', 'TERRAIN_SNOW_HILLS') ;

INSERT INTO RequirementSets (RequirementSetId, RequirementSetType) 
				VALUES	('TILE_IS_SNOW_REQUIREMENT', 'REQUIREMENTSET_TEST_ALL'),
						('TILE_IS_SNOW_HILLS_REQUIREMENT', 'REQUIREMENTSET_TEST_ALL') ;

INSERT INTO RequirementSetRequirements (RequirementSetId, RequirementId) 
				VALUES ('TILE_IS_SNOW_REQUIREMENT', 'NUUK_REQUIRES_HAS_SNOW'),
						('TILE_IS_SNOW_HILLS_REQUIREMENT', 'NUUK_REQUIRES_HAS_SNOW_HILLS')  ;




--==========
--CITY NAMES
--==========		
INSERT INTO CityNames (CivilizationType, CityName)
	VALUES
		('JTF_CIVILIZATION_NUUK', 'LOC_JTF_CITY_NAME_NUUK');

--=============
--PLAYER COLORS
--=============
INSERT INTO PlayerColors (Type, Usage, PrimaryColor, SecondaryColor, TextColor)
	VALUES
		('JTF_CIVILIZATION_NUUK', 'Minor', 'COLOR_PLAYER_CITY_STATE_PRIMARY', 'COLOR_PLAYER_CITY_STATE_TRADE_SECONDARY', 'COLOR_PLAYER_CITY_STATE_TRADE_SECONDARY');

--============
--START BIASES
--============

		
INSERT INTO StartBiasTerrains (CivilizationType, TerrainType, Tier)
	VALUES
		('JTF_CIVILIZATION_NUUK', 'TERRAIN_PLAINS_HILLS', 1),
		('JTF_CIVILIZATION_NUUK', 'TERRAIN_GRASS_HILLS', 1),
		
		('JTF_CIVILIZATION_NUUK', 'TERRAIN_GRASS', 2),		
		('JTF_CIVILIZATION_NUUK', 'TERRAIN_PLAINS', 2);
