
--------------------------------------------------------------

--=====
--TYPES
--=====
INSERT INTO Types (Type, Kind)
	VALUES
		('JTF_CIVILIZATION_NORILSK', 'KIND_CIVILIZATION'),
		('JTF_LEADER_MINOR_CIV_NORILSK', 'KIND_LEADER'),
		('JTF_MINOR_CIV_NORILSK_TRAIT', 'KIND_TRAIT');

--===============
--TYPE PROPERTIES
--===============
INSERT INTO TypeProperties (Type, Name, Value)
	VALUES
		('JTF_CIVILIZATION_NORILSK', 'CityStateCategory', 'INDUSTRIAL');

--=============
--CIVILIZATIONS
--=============
INSERT INTO Civilizations (CivilizationType, Name, Description, Adjective, StartingCivilizationLevelType, RandomCityNameDepth, Ethnicity)
	VALUES
		('JTF_CIVILIZATION_NORILSK', 'LOC_JTF_CIVILIZATION_NORILSK_NAME', 'LOC_JTF_CIVILIZATION_NORILSK_DESCRIPTION', 'LOC_JTF_CIVILIZATION_NORILSK_ADJECTIVE', 'CIVILIZATION_LEVEL_CITY_STATE', 1, 'ETHNICITY_EURO'); 

--=======
--LEADERS
--=======
INSERT INTO CivilizationLeaders (CivilizationType, LeaderType, CapitalName)
	VALUES
		('JTF_CIVILIZATION_NORILSK', 'JTF_LEADER_MINOR_CIV_NORILSK', 'LOC_JTF_CITY_NAME_NORILSK');

INSERT INTO Leaders (LeaderType, Name, InheritFrom)
	VALUES
		('JTF_LEADER_MINOR_CIV_NORILSK', 'LOC_JTF_CIVILIZATION_NORILSK_NAME', 'LEADER_MINOR_CIV_INDUSTRIAL');

--======
--TRAITS
--======
INSERT INTO LeaderTraits (LeaderType, TraitType)
	VALUES
		('JTF_LEADER_MINOR_CIV_NORILSK', 'JTF_MINOR_CIV_NORILSK_TRAIT');

INSERT INTO Traits (TraitType, Name, Description)
	VALUES
		('JTF_MINOR_CIV_NORILSK_TRAIT', 'LOC_JTF_LEADER_TRAIT_NORILSK_NAME', 'LOC_JTF_LEADER_TRAIT_NORILSK_DESCRIPTION');

--===============
--TRAIT MODIFIERS
--===============
INSERT INTO TraitModifiers (TraitType, ModifierId)
	VALUES
		('JTF_MINOR_CIV_NORILSK_TRAIT', 'MINOR_CIV_NORILSK_MINE_PRODUCTOIN_UNIQUE_BONUS'),
		('JTF_MINOR_CIV_NORILSK_TRAIT', 'MINOR_CIV_NORILSK_MINE_PRODUCTOIN_UNIQUE_BONUS_INDUSTRIAL');


--=========
--MODIFIERS
--=========
INSERT INTO Modifiers (ModifierId,										ModifierType,								SubjectRequirementSetId)	
	VALUES
		('MINOR_CIV_NORILSK_MINE_PRODUCTOIN_UNIQUE_BONUS',				'MODIFIER_ALL_PLAYERS_ATTACH_MODIFIER',		'PLAYER_IS_SUZERAIN'),
		('MINOR_CIV_NORILSK_MINE_PRODUCTION_BONUS',						'MODIFIER_PLAYER_ADJUST_PLOT_YIELD',		'JTF_IMPROVEMENT_IS_MINE'),

		('MINOR_CIV_NORILSK_MINE_PRODUCTOIN_UNIQUE_BONUS_INDUSTRIAL',	'MODIFIER_ALL_PLAYERS_ATTACH_MODIFIER',		'PLAYER_IS_SUZERAIN'),
		('MINOR_CIV_NORILSK_MINE_PRODUCTION_BONUS_INDUSTRIAL',			'MODIFIER_PLAYER_ADJUST_PLOT_YIELD',		'JTF_IMPROVEMENT_IS_MINE_AND_INDUSTRIAL');
		
INSERT INTO RequirementSets
        (RequirementSetId,                         RequirementSetType)
VALUES  ('JTF_IMPROVEMENT_IS_MINE',					'REQUIREMENTSET_TEST_ALL'),
		('JTF_IMPROVEMENT_IS_MINE_AND_INDUSTRIAL',	'REQUIREMENTSET_TEST_ALL');

INSERT INTO RequirementSetRequirements
        (RequirementSetId,                         RequirementId)
VALUES  ('JTF_IMPROVEMENT_IS_MINE',					'JTF_REQUIRES_IMPROVEMENT_IS_MINE'),

		('JTF_IMPROVEMENT_IS_MINE_AND_INDUSTRIAL',	'JTF_REQUIRES_IMPROVEMENT_IS_MINE'),
		('JTF_IMPROVEMENT_IS_MINE_AND_INDUSTRIAL',	'JTF_REQUIRES_PLAYER_IS_INDUSTRIAL_ERA');		

INSERT INTO Requirements
        (RequirementId,								RequirementType)
VALUES  ('JTF_REQUIRES_IMPROVEMENT_IS_MINE',		'REQUIREMENT_PLOT_IMPROVEMENT_TYPE_MATCHES'),
		('JTF_REQUIRES_PLAYER_IS_INDUSTRIAL_ERA',	'REQUIREMENT_PLAYER_ERA_AT_LEAST');

INSERT INTO RequirementArguments
        (RequirementId,								 Name,            Value)
VALUES  ('JTF_REQUIRES_IMPROVEMENT_IS_MINE',		'ImprovementType',	'IMPROVEMENT_MINE'),
		('JTF_REQUIRES_PLAYER_IS_INDUSTRIAL_ERA',	'EraType',			'ERA_INDUSTRIAL');
		


--==================
--MODIFIER ARGUMENTS
--==================
INSERT INTO ModifierArguments (ModifierId, Name, Value)
	VALUES
		('MINOR_CIV_NORILSK_MINE_PRODUCTOIN_UNIQUE_BONUS',					'ModifierId',	'MINOR_CIV_NORILSK_MINE_PRODUCTION_BONUS'),
		('MINOR_CIV_NORILSK_MINE_PRODUCTION_BONUS',							'YieldType',	'YIELD_PRODUCTION'),
		('MINOR_CIV_NORILSK_MINE_PRODUCTION_BONUS',							'Amount',		1),
		
		('MINOR_CIV_NORILSK_MINE_PRODUCTOIN_UNIQUE_BONUS_INDUSTRIAL',		'ModifierId',	'MINOR_CIV_NORILSK_MINE_PRODUCTION_BONUS_INDUSTRIAL'),
		('MINOR_CIV_NORILSK_MINE_PRODUCTION_BONUS_INDUSTRIAL',				'YieldType',	'YIELD_PRODUCTION'),
		('MINOR_CIV_NORILSK_MINE_PRODUCTION_BONUS_INDUSTRIAL',				'Amount',		1);


--==========
--CITY NAMES
--==========		
INSERT INTO CityNames (CivilizationType, CityName)
	VALUES
		('JTF_CIVILIZATION_NORILSK', 'LOC_JTF_CITY_NAME_NORILSK');

--=============
--PLAYER COLORS
--=============
INSERT INTO PlayerColors (Type, Usage, PrimaryColor, SecondaryColor, TextColor)
	VALUES
		('JTF_CIVILIZATION_NORILSK', 'Minor', 'COLOR_PLAYER_CITY_STATE_PRIMARY', 'COLOR_PLAYER_CITY_STATE_INDUSTRIAL_SECONDARY', 'COLOR_PLAYER_CITY_STATE_INDUSTRIAL_SECONDARY');

--============
--START BIASES
--============

		
INSERT INTO StartBiasTerrains (CivilizationType, TerrainType, Tier)
	VALUES
		('JTF_CIVILIZATION_NORILSK', 'TERRAIN_TUNDRA', 1),
		('JTF_CIVILIZATION_NORILSK', 'TERRAIN_TUNDRA_HILLS', 1);

