
--------------------------------------------------------------

--=====
--TYPES
--=====
INSERT INTO Types (Type, Kind)
	VALUES
		('JTF_CIVILIZATION_NITRA',				'KIND_CIVILIZATION'),
		('JTF_LEADER_MINOR_CIV_NITRA',			'KIND_LEADER'),
--		('JTF_MODIFIER_CHEAPER_ANCIENT_WALLS',	'KIND_MODIFIER'),
		('JTF_MINOR_CIV_NITRA_TRAIT',			'KIND_TRAIT');

--===============
--TYPE PROPERTIES
--===============
INSERT INTO TypeProperties (Type, Name, Value)
	VALUES
		('JTF_CIVILIZATION_NITRA', 'CityStateCategory', 'MILITARISTIC');

--=============
--CIVILIZATIONS
--=============
INSERT INTO Civilizations (CivilizationType, Name, Description, Adjective, StartingCivilizationLevelType, RandomCityNameDepth, Ethnicity)
	VALUES
		('JTF_CIVILIZATION_NITRA', 'LOC_JTF_CIVILIZATION_NITRA_NAME', 'LOC_JTF_CIVILIZATION_NITRA_DESCRIPTION', 'LOC_JTF_CIVILIZATION_NITRA_ADJECTIVE', 'CIVILIZATION_LEVEL_CITY_STATE', 1, 'ETHNICITY_EURO'); 

--=======
--LEADERS
--=======
INSERT INTO CivilizationLeaders (CivilizationType, LeaderType, CapitalName)
	VALUES
		('JTF_CIVILIZATION_NITRA', 'JTF_LEADER_MINOR_CIV_NITRA', 'LOC_JTF_CITY_NAME_NITRA');

INSERT INTO Leaders (LeaderType, Name, InheritFrom)
	VALUES
		('JTF_LEADER_MINOR_CIV_NITRA', 'LOC_JTF_CIVILIZATION_NITRA_NAME', 'LEADER_MINOR_CIV_MILITARISTIC');

--======
--TRAITS
--======
INSERT INTO LeaderTraits (LeaderType, TraitType)
	VALUES
		('JTF_LEADER_MINOR_CIV_NITRA', 'JTF_MINOR_CIV_NITRA_TRAIT');

INSERT INTO Traits (TraitType, Name, Description)
	VALUES
		('JTF_MINOR_CIV_NITRA_TRAIT', 'LOC_JTF_LEADER_TRAIT_NITRA_NAME', 'LOC_JTF_LEADER_TRAIT_NITRA_DESCRIPTION');

--===============
--TRAIT MODIFIERS
--===============
INSERT INTO TraitModifiers (TraitType, ModifierId)
	VALUES
		('JTF_MINOR_CIV_NITRA_TRAIT', 'MINOR_CIV_NITRA_INFLUENCE_BONUS'),
		('JTF_MINOR_CIV_NITRA_TRAIT', 'MINOR_CIV_NITRA_INFLUENCE_BONUS_2'),
		('JTF_MINOR_CIV_NITRA_TRAIT', 'MINOR_CIV_NITRA_INFLUENCE_BONUS_3'),
		
		('JTF_MINOR_CIV_NITRA_TRAIT', 'MINOR_CIV_NITRA_CHEAPER_ANCIENT_WALLS');

--=========
--MODIFIERS
--=========
INSERT INTO Modifiers (ModifierId,						ModifierType,													SubjectRequirementSetId)	
	VALUES
		('MINOR_CIV_NITRA_INFLUENCE_BONUS',				'MODIFIER_ALL_PLAYERS_ATTACH_MODIFIER', 'PLAYER_IS_SUZERAIN'),
		('MINOR_CIV_NITRA_INFLUENCE_BONUS_MODIFIER',	'MODIFIER_PLAYER_CITIES_ADJUST_BUILDING_YIELD_CHANGE',NULL),
		('MINOR_CIV_NITRA_INFLUENCE_BONUS_2',			'MODIFIER_ALL_PLAYERS_ATTACH_MODIFIER', 'PLAYER_IS_SUZERAIN'),
		('MINOR_CIV_NITRA_INFLUENCE_BONUS_MODIFIER_2',	'MODIFIER_PLAYER_CITIES_ADJUST_BUILDING_YIELD_CHANGE',NULL),
		('MINOR_CIV_NITRA_INFLUENCE_BONUS_3',			'MODIFIER_ALL_PLAYERS_ATTACH_MODIFIER', 'PLAYER_IS_SUZERAIN'),
		('MINOR_CIV_NITRA_INFLUENCE_BONUS_MODIFIER_3',	'MODIFIER_PLAYER_CITIES_ADJUST_BUILDING_YIELD_CHANGE',NULL),
		('MINOR_CIV_NITRA_CHEAPER_ANCIENT_WALLS',		'MODIFIER_ALL_PLAYERS_ATTACH_MODIFIER', 'PLAYER_IS_SUZERAIN'),

		('MINOR_CIV_NITRA_ANCIENT_WALLS_BONUS',			'MODIFIER_PLAYER_CITIES_ADJUST_BUILDING_PRODUCTION', NULL);

--INSERT INTO DynamicModifiers (ModifierType, CollectionType, EffectType)
--	VALUES
--		('JTF_MODIFIER_CHEAPER_ANCIENT_WALLS', 'COLLECTION_PLAYER_CITIES', 'EFFECT_ADJUST_BUILDING_PRODUCTION');

--==================
--MODIFIER ARGUMENTS
--==================
INSERT INTO ModifierArguments (ModifierId, Name, Value)
	VALUES
		('MINOR_CIV_NITRA_INFLUENCE_BONUS', 'ModifierId', 'MINOR_CIV_NITRA_INFLUENCE_BONUS_MODIFIER'),
		('MINOR_CIV_NITRA_INFLUENCE_BONUS_MODIFIER', 'Amount', 2),
		('MINOR_CIV_NITRA_INFLUENCE_BONUS_MODIFIER', 'YieldType', 'YIELD_FAITH'),
		('MINOR_CIV_NITRA_INFLUENCE_BONUS_MODIFIER', 'BuildingType', 'BUILDING_WALLS'),

		('MINOR_CIV_NITRA_INFLUENCE_BONUS_2', 'ModifierId', 'MINOR_CIV_NITRA_INFLUENCE_BONUS_MODIFIER_2'),
		('MINOR_CIV_NITRA_INFLUENCE_BONUS_MODIFIER_2', 'Amount', 2),
		('MINOR_CIV_NITRA_INFLUENCE_BONUS_MODIFIER_2', 'YieldType', 'YIELD_FAITH'),
		('MINOR_CIV_NITRA_INFLUENCE_BONUS_MODIFIER_2', 'BuildingType', 'BUILDING_CASTLE'),

		('MINOR_CIV_NITRA_INFLUENCE_BONUS_3', 'ModifierId', 'MINOR_CIV_NITRA_INFLUENCE_BONUS_MODIFIER_3'),
		('MINOR_CIV_NITRA_INFLUENCE_BONUS_MODIFIER_3', 'Amount', 2),
		('MINOR_CIV_NITRA_INFLUENCE_BONUS_MODIFIER_3', 'YieldType', 'YIELD_FAITH'),
		('MINOR_CIV_NITRA_INFLUENCE_BONUS_MODIFIER_3', 'BuildingType', 'BUILDING_STAR_FORT'),
		
		('MINOR_CIV_NITRA_CHEAPER_ANCIENT_WALLS', 'ModifierId',			'MINOR_CIV_NITRA_ANCIENT_WALLS_BONUS'),
		('MINOR_CIV_NITRA_ANCIENT_WALLS_BONUS',   'BuildingType',		'BUILDING_WALLS'),
		('MINOR_CIV_NITRA_ANCIENT_WALLS_BONUS',   'Amount',			    '50');
--==========
--CITY NAMES
--==========		
INSERT INTO CityNames (CivilizationType, CityName)
	VALUES
		('JTF_CIVILIZATION_NITRA', 'LOC_JTF_CITY_NAME_NITRA');

--=============
--PLAYER COLORS
--=============
INSERT INTO PlayerColors (Type, Usage, PrimaryColor, SecondaryColor, TextColor)
	VALUES
		('JTF_CIVILIZATION_NITRA', 'Minor', 'COLOR_PLAYER_CITY_STATE_PRIMARY', 'COLOR_PLAYER_CITY_STATE_MILITARISTIC_SECONDARY', 'COLOR_PLAYER_CITY_STATE_MILITARISTIC_SECONDARY');

--============
--START BIASES
--============

		
INSERT INTO StartBiasTerrains (CivilizationType, TerrainType, Tier)
	VALUES
		('JTF_CIVILIZATION_NITRA', 'TERRAIN_GRASS_HILLS', 1);
